
{
   "allowSleep" : true,
   "autoClearForces" : true,
   "body" : 
   [
      
      {
         "angle" : 0,
         "angularVelocity" : 0,
         "awake" : true,
         "bullet" : true,
         "fixture" : 
         [
            
            {
               "circle" : 
               {
                  "center" : 
                  {
                     "x" : 4.448764801025391,
                     "y" : 201.4094543457031
                  },
                  "radius" : 15.36149120330811
               },
               "density" : 0.02697822451591492,
               "friction" : 0.8999999761581421,
               "name" : "Ball",
               "restitution" : 0.2
            }
         ],
         "linearVelocity" : 0,
         "massData-I" : 814071.0,
         "massData-center" : 
         {
            "x" : 4.448764801025391,
            "y" : 201.4094543457031
         },
         "massData-mass" : 20.0,
         "name" : "Ball",
         "position" : 
         {
            "x" : -275.4571533203125,
            "y" : 0.2624461650848389
         },
         "type" : 2
      },
      
      {
         "angle" : 0,
         "angularVelocity" : 0,
         "awake" : true,
         "bullet" : true,
         "fixture" : 
         [
            
            {
               "circle" : 
               {
                  "center" : 
                  {
                     "x" : 4.448764801025391,
                     "y" : 201.4094543457031
                  },
                  "radius" : 15.36149120330811
               },
               "density" : 0.02697822451591492,
               "friction" : 0.8999999761581421,
               "name" : "Ball",
               "restitution" : 0.2
            }
         ],
         "linearVelocity" : 0,
         "massData-I" : 814071.0,
         "massData-center" : 
         {
            "x" : 4.448764801025391,
            "y" : 201.4094543457031
         },
         "massData-mass" : 20.0,
         "name" : "Ball",
         "position" : 
         {
            "x" : 283.0501098632812,
            "y" : 2.789728879928589
         },
         "type" : 2
      },
      
      {
         "angle" : 0,
         "angularVelocity" : 0,
         "awake" : true,
         "fixture" : 
         [
            
            {
               "density" : 1,
               "friction" : 1,
               "name" : "LeftPentagon",
               "polygon" : 
               {
                  "vertices" : 
                  {
                     "x" : 
                     [
                        -206.4763031005859,
                        -254.9027862548828,
                        -302.5532531738281,
                        -283.5763854980469,
                        -224.1976470947266
                     ],
                     "y" : 
                     [
                        18.92469024658203,
                        53.29257583618164,
                        17.85661697387695,
                        -38.41201019287109,
                        -37.75186920166016
                     ]
                  }
               },
               "restitution" : 0.1000000014901161
            },
            
            {
               "density" : 1,
               "friction" : 1,
               "name" : "CenterPentagon",
               "polygon" : 
               {
                  "vertices" : 
                  {
                     "x" : 
                     [
                        49.09414291381836,
                        0.6676540970802307,
                        -46.98280334472656,
                        -28.00594139099121,
                        31.37280082702637
                     ],
                     "y" : 
                     [
                        18.92469024658203,
                        53.29257583618164,
                        17.85661697387695,
                        -38.41201019287109,
                        -37.75186920166016
                     ]
                  }
               },
               "restitution" : 0.1000000014901161
            },
            
            {
               "density" : 1,
               "friction" : 1,
               "name" : "RightPentagon",
               "polygon" : 
               {
                  "vertices" : 
                  {
                     "x" : 
                     [
                        306.572753906250,
                        258.1462707519531,
                        210.4958038330078,
                        229.4726715087891,
                        288.8514099121094
                     ],
                     "y" : 
                     [
                        17.90697860717773,
                        52.27486419677734,
                        16.83890533447266,
                        -39.42972183227539,
                        -38.76958084106445
                     ]
                  }
               },
               "restitution" : 0.1000000014901161
            },
            
            {
               "chain" : 
               {
                  "vertices" : 
                  {
                     "x" : 
                     [
                        -513.3745727539062,
                        -478.6745605468750,
                        -441.7975463867188,
                        -400.4470825195312,
                        -360.0390930175781,
                        -320.6252746582031,
                        -270.7667236328125,
                        272.334472656250,
                        339.1745910644531,
                        383.9319152832031,
                        423.2215270996094,
                        477.1272583007812,
                        514.8439941406250
                     ],
                     "y" : 
                     [
                        -140.5459899902344,
                        -195.2944030761719,
                        -235.4049377441406,
                        -267.2197875976562,
                        -289.1744384765625,
                        -308.6437988281250,
                        -325.1687011718750,
                        -325.1687011718750,
                        -301.2893066406250,
                        -277.1098937988281,
                        -249.9481506347656,
                        -197.6257324218750,
                        -137.5516204833984
                     ]
                  }
               },
               "density" : 1,
               "friction" : 1,
               "name" : "Ground",
               "restitution" : 0.1000000014901161
            },
            
            {
               "density" : 1,
               "friction" : 0.2,
               "name" : "BorderLeft",
               "polygon" : 
               {
                  "vertices" : 
                  {
                     "x" : 
                     [
                        -512.5084838867188,
                        -512.5413208007812,
                        -527.9146118164062,
                        -527.8817749023438
                     ],
                     "y" : 
                     [
                        -392.5613708496094,
                        391.4810485839844,
                        391.4803771972656,
                        -392.5620422363281
                     ]
                  }
               }
            },
            
            {
               "circle" : 
               {
                  "center" : 
                  {
                     "x" : -520.1951293945312,
                     "y" : -392.5617065429688
                  },
                  "radius" : 7.686654090881348
               },
               "density" : 1,
               "friction" : 0.2,
               "name" : "BorderLeft"
            },
            
            {
               "circle" : 
               {
                  "center" : 
                  {
                     "x" : -520.2279663085938,