
{
   "allowSleep" : true,
   "autoClearForces" : true,
   "body" : 
   [
      
      {
         "angle" : 0,
         "angularVelocity" : 0,
         "awake" : true,
         "fixture" : 
         [
            
            {
               "density" : 1,
               "friction" : 0.2,
               "name" : "fixture0",
               "polygon" : 
               {
                  "vertices" : 
                  {
                     "x" : 
                     [
                        385.2778625488281,
                        359.0079345703125,
                        295.58691406250,
                        232.1658935546875,
                        295.58691406250,
                        359.0081176757812
                     ],
                     "y" : 
                     [
                        197.3073425292969,
                        260.7283630371094,
                        211.6382904052734,
                        133.8863372802734,
                        107.6163940429688,
                        133.8863372802734
                     ]
                  }
               }
            },
            
            {
               "density" : 1,
               "friction" : 0.2,
               "name" : "fixture0",
               "polygon" : 
               {
                  "vertices" : 
                  {
                     "x" : 
                     [
                        295.58691406250,
                        232.1658935546875,
                        205.8959655761719,
                        232.1658935546875
                     ],
                     "y" : 
                     [
                        211.6382904052734,
                        260.7283630371094,
                        197.3073425292969,
                        133.8863372802734
                     ]
                  }
               }
            },
            
            {
               "density" : 1,
               "friction" : 1,
               "name" : "RightPentagon",
               "polygon" : 
               {
                  "vertices" : 
                  {
                     "x" : 
                     [
                        305.0960083007812,
                        256.6695251464844,
                        209.0190582275391,
                        227.9959259033203,
                        287.3746643066406
                     ],
                     "y" : 
                     [
                        18.89147567749023,
                        53.25936126708984,
                        17.82340240478516,
                        -38.44522476196289,
                        -37.78508377075195
                     ]
                  }
               },
               "restitution" : 0.1000000014901161
            },
            
            {
               "chain" : 
               {
                  "vertices" : 
                  {
                     "x" : 
                     [
                        -513.3745727539062,
                        -478.6745605468750,
                        -441.7975463867188,
                        -400.4470825195312,
                        -360.0390930175781,
                        -320.6252746582031,
                        -270.7667236328125,
                        272.334472656250,
                        339.1745910644531,
                        383.9319152832031,
                        423.2215270996094,
                        474.4772949218750,
                        512.1940307617188
                     ],
                     "y" : 
                     [
                        -140.5459899902344,
                        -195.2944030761719,
                        -235.4049377441406,
                        -267.2197875976562,
                        -289.1744384765625,
                        -308.6437988281250,
                        -325.1687011718750,
                        -325.1687011718750,
                        -301.2893066406250,
                        -277.1098937988281,
                        -249.9481506347656,
                        -197.6257324218750,
                        -140.2015686035156
                     ]
                  }
               },
               "density" : 1,
               "friction" : 1,
               "name" : "Ground",
               "restitution" : 0.1000000014901161
            },
            
            {
               "density" : 1,
               "friction" : 1,
               "name" : "LeftPentagon",
               "polygon" : 
               {
                  "vertices" : 
                  {
                     "x" : 
                     [
                        -206.4763031005859,
                        -254.9027862548828,
                        -302.5532531738281,
                        -283.5763854980469,
                        -224.1976470947266
                     ],
                     "y" : 
                     [
                        18.92469024658203,
                        53.29257583618164,
                        17.85661697387695,
                        -38.41201019287109,
                        -37.75186920166016
                     ]
                  }
               },
               "restitution" : 0.1000000014901161
            },
            
            {
               "density" : 1,
               "friction" : 0.2,
               "name" : "BorderRight",
               "polygon" : 
               {
                  "vertices" : 
                  {
                     "x" : 
                     [
                        527.7222290039062,
                        527.6893310546875,
                        512.3160400390625,
                        512.3489379882812
                     ],
                     "y" : 
                     [
                        -392.1550292968750,
                        391.7413940429688,
                        391.740722656250,
                        -392.1557006835938
                     ]
                  }
               },
               "restitution" : 1
            },
            
            {
               "circle" : 
               {
                  "center" : 
                  {
                     "x" : 520.0355834960938,
                     "y" : -392.1553649902344
                  },
                  "radius" : 7.686654090881348
               },
               "density" : 1,
               "friction" : 0.2,
               "name" : "BorderRight",
               "restitution" : 1
            },
            
            {
               "circle" : 
               {
                  "center" : 
                  {
                     "x" : 520.0026855468750,
                     "y" : 391.7410583496094
                  },
                  "radius" : 7.686654090881348
               },
               "density" : 1,
               "friction" : 0.2,
               "name" : "BorderRight",
               "restitution" : 1
            },
            
            {
               "density" : 1,
               "friction" : 0.2,
               "name" : "BorderBottom",
               "polygon" : 
               {
                  "vertices" : 
                  {
                     "x" : 
                     [
                        519.8898925781250,
                        519.8807373046875,
                        -520.3003540039062,
                        -520.2911987304688
                     ],
                     "y" : 
                     [
                        -399.8825073242188,
                        -384.5092163085938,
                        -385.1272277832031,
                        -400.5005187988281
                     ]
                  }
               },
               "restitution" : 1
            },
            
            {
               "circle" : 
               {
                  "center" : 
                  {
                     "x" : 519.8853149414062,